{"metrics": {"Logistic Regression": {"Accuracy": 0.775, "Precision": 0.6675675675675675, "Recall": 0.43031358885017423, "F1_Score": 0.5233050847457628, "R2_Score": -0.09954014787593302, "MAE": 0.225, "MSE": 0.225, "ConfusionMatrix": [[1303, 123], [327, 247]], "ROC": {"fpr": [0.0, 0.0035063113604488078, 0.007713884992987377, 0.012622720897615708, 0.021037868162692847, 0.025245441795231416, 0.029453015427769985, 0.03576437587657784, 0.042776998597475455, 0.05049088359046283, 0.05960729312762973, 0.07012622720897616, 0.07713884992987377, 0.08695652173913043, 0.09396914446002805, 0.1002805049088359, 0.1150070126227209, 0.12131837307152875, 0.13113604488078542, 0.14516129032258066, 0.15638148667601684, 0.17110799438990182, 0.18162692847124826, 0.19074333800841514, 0.2082748948106592, 0.21598877980364656, 0.2321178120617111, 0.24754558204768584, 0.27840112201963535, 0.2917251051893408, 0.32047685834502104, 0.33660589060308554, 0.349929873772791, 0.36255259467040674, 0.3814866760168303, 0.41164095371669, 0.42496493688639553, 0.44600280504908835, 0.4628330995792426, 0.4992987377279102, 0.5336605890603086, 0.5638148667601683, 0.5953716690042076, 0.6311360448807855, 0.6633941093969145, 0.7244039270687237, 0.7798036465638148, 0.8057503506311361, 0.864656381486676, 0.8842917251051894, 0.9403927068723703], "tpr": [0.0, 0.05400696864111498, 0.09581881533101046, 0.13763066202090593, 0.1672473867595819, 0.2038327526132404, 0.22996515679442509, 0.24738675958188153, 0.2787456445993031, 0.3170731707317073, 0.38153310104529614, 0.39547038327526135, 0.4146341463414634, 0.43205574912891986, 0.4616724738675958, 0.48606271777003485, 0.5017421602787456, 0.5139372822299652, 0.5452961672473867, 0.5609756097560976, 0.5871080139372822, 0.6062717770034843, 0.6202090592334495, 0.6428571428571429, 0.6602787456445993, 0.681184668989547, 0.6986062717770035, 0.710801393728223, 0.7247386759581882, 0.7421602787456446, 0.7578397212543554, 0.7700348432055749, 0.7804878048780488, 0.7909407665505227, 0.8013937282229965, 0.818815331010453, 0.8327526132404182, 0.8449477351916377, 0.8588850174216028, 0.8693379790940766, 0.8815331010452961, 0.89198606271777, 0.9024390243902439, 0.9128919860627178, 0.9233449477351916, 0.9355400696864111, 0.9477351916376306, 0.9581881533101045, 0.9703832752613241, 0.9825783972125436, 0.9930313588850174], "auc": 0.7905595926325923}}, "Decision Tree": {"Accuracy": 0.8325, "Precision": 0.7107583774250441, "Recall": 0.7020905923344948, "F1_Score": 0.7063978965819456, "R2_Score": 0.18145344547013886, "MAE": 0.1675, "MSE": 0.1675, "ConfusionMatrix": [[1262, 164], [171, 403]], "ROC": {"fpr": [0.0, 0.1150070126227209, 1.0], "tpr": [0.0, 0.7020905923344948, 1.0], "auc": 0.793541789855887}}, "Random Forest": {"Accuracy": 0.893, "Precision": 0.8862660944206009, "Recall": 0.7195121951219512, "F1_Score": 0.7942307692307692, "R2_Score": 0.47710757412122295, "MAE": 0.107, "MSE": 0.107, "ConfusionMatrix": [[1373, 53], [161, 413]], "ROC": {"fpr": [0.0, 0.0, 0.0, 0.0, 0.0, 0.0, 0.0007012622720897616, 0.0007012622720897616, 0.0007012622720897616, 0.0007012622720897616, 0.0007012622720897616, 0.001402524544179523, 0.0021037868162692847, 0.0021037868162692847, 0.0021037868162692847, 0.0021037868162692847, 0.0021037868162692847, 0.0021037868162692847, 0.002805049088359046, 0.004207573632538569, 0.004207573632538569, 0.006311360448807854, 0.0070126227208976155, 0.008415147265077139, 0.009817671809256662, 0.010518934081346423, 0.011220196353436185, 0.011921458625525946, 0.011921458625525946, 0.011921458625525946, 0.01332398316970547, 0.014025245441795231, 0.014726507713884993, 0.014726507713884993, 0.014726507713884993, 0.016129032258064516, 0.0182328190743338, 0.018934081346423562, 0.020336605890603085, 0.02244039270687237, 0.025946704067321177, 0.028050490883590462, 0.029453015427769985, 0.030154277699859747, 0.03155680224403927, 0.034361851332398316, 0.03716690042075736, 0.042776998597475455, 0.04417952314165498, 0.047685834502103785, 0.05049088359046283, 0.052594670406732116, 0.05399719495091164, 0.05750350631136045, 0.06311360448807854, 0.06802244039270687, 0.0729312762973352, 0.07643758765778401, 0.08415147265077139, 0.09256661991584852, 0.09747545582047686, 0.10448807854137447, 0.11360448807854137, 0.11781206171107994, 0.12552594670406733, 0.12833099579242638, 0.13674614305750352, 0.14375876577840113, 0.1535764375876578, 0.1697054698457223, 0.18022440392706873, 0.1900420757363254, 0.2005610098176718, 0.20897615708274894, 0.2208976157082749, 0.2370266479663394, 0.25666199158485276, 0.2699859747545582, 0.2917251051893408, 0.3085553997194951, 0.3281907433380084, 0.3492286115007013, 0.3695652173913043, 0.4018232819074334, 0.43338008415147267, 0.4628330995792426, 0.5210378681626928, 0.5610098176718092, 0.6129032258064516, 0.6633941093969145, 0.7194950911640954, 0.7868162692847125, 0.8450210378681627, 0.9039270687237027, 0.9438990182328191, 0.979663394109397, 0.9929873772791024, 1.0], "tpr": [0.0, 0.003484320557491289, 0.010452961672473868, 0.020905923344947737, 0.036585365853658534, 0.05574912891986063, 0.06968641114982578, 0.08362369337979095, 0.10801393728222997, 0.12717770034843207, 0.13588850174216027, 0.16376306620209058, 0.20209059233449478, 0.22125435540069685, 0.259581881533101, 0.2804878048780488, 0.29442508710801396, 0.31881533101045295, 0.34668989547038326, 0.3693379790940767, 0.3867595818815331, 0.42160278745644597, 0.43902439024390244, 0.4634146341463415, 0.4686411149825784, 0.4895470383275261, 0.5034843205574913, 0.5069686411149826, 0.524390243902439, 0.5452961672473867, 0.5505226480836237, 0.5644599303135889, 0.573170731707317, 0.5836236933797909, 0.6010452961672473, 0.6062717770034843, 0.6236933797909407, 0.6289198606271778, 0.6411149825783972, 0.6498257839721254, 0.6707317073170732, 0.6829268292682927, 0.6933797909407665, 0.7020905923344948, 0.7073170731707317, 0.7160278745644599, 0.7195121951219512, 0.7247386759581882, 0.735191637630662, 0.7456445993031359, 0.7526132404181185, 0.7526132404181185, 0.759581881533101, 0.7665505226480837, 0.7700348432055749, 0.7770034843205574, 0.7822299651567944, 0.7822299651567944, 0.7857142857142857, 0.789198606271777, 0.7909407665505227, 0.7996515679442509, 0.8083623693379791, 0.8118466898954704, 0.818815331010453, 0.8240418118466899, 0.8275261324041812, 0.8310104529616724, 0.8327526132404182, 0.837979094076655, 0.8484320557491289, 0.8501742160278746, 0.8519163763066202, 0.8554006968641115, 0.8554006968641115, 0.8623693379790941, 0.872822299651568, 0.8763066202090593, 0.8797909407665505, 0.8832752613240418, 0.8867595818815331, 0.8885017421602788, 0.8937282229965157, 0.9024390243902439, 0.9041811846689896, 0.9094076655052264, 0.9163763066202091, 0.9250871080139372, 0.9355400696864111, 0.9512195121951219, 0.9651567944250871, 0.9686411149825784, 0.9773519163763066, 0.9860627177700348, 0.9930313588850174, 0.9982578397212544, 0.9982578397212544, 1.0], "auc": 0.8996944500100181}}}, "best_model": "Random Forest", "feature_importances": {"Lifetime_Value": 0.1314591329582645, "Customer_Service_Calls": 0.11055462221141321, "Cart_Abandonment_Rate": 0.09763980673062987, "Days_Since_Last_Purchase": 0.059827714232778044, "Discount_Usage_Rate": 0.05772033395937738, "Email_Open_Rate": 0.049852399417790225, "Total_Purchases": 0.048699799148460385, "Average_Order_Value": 0.047415692707002195, "Session_Duration_Avg": 0.04650452505950376, "Pages_Per_Session": 0.0416749656723927, "Age": 0.041053262383529604, "Login_Frequency": 0.031133995113747513, "Social_Media_Engagement_Score": 0.030579149117227793, "Credit_Balance": 0.027550302454669245, "Returns_Rate": 0.024936690788396026},